{
    "accuracy": 0.978723406791687,
    "precision": 0.936,
    "recall": 0.8931297709923665,
    "f1_score": 0.9140625000000001,
    "loss": 0.06138676777482033
}